1,Name,Address,Hired Date,Salary
2,Joey Diaz,1 drive,01Jun1995,1000000
3,Pistol Pete,104 hollow lane,07Nov1999,500000
4,Kirk Cousins,1000 Minn st,01Aug2018, 4800000
5,Ibe Lentigen,910 Clopper Road,01Jan2020,80000
6,Dominick Budzisz,104 Ladyshire Ln,01Jun2020,70000
7,Joe Rogan,10 drive,10Jun1998,3000000
8,Pistol Tom,8804 hollow lane,07Nov1994,100000
9,Kirk Niece,5060 Minn st,31Aug2010,6300000
10,Beatrix Lentigen,9310 Clopper Road,22Jan2016,80000
11,Juliette Wander,104 Ladyshire Ln,01Jun2020,80000